Status;Palavra_Sigla;Definicao;Referencia;Data_Atualizacao;Data_Agendamento;Responsavel_Agendamento;Data_Arquivamento;Responsavel_Arquivamento;Descricao_Historico
ATIVO;GUM;"Guide to the Expression of Uncertainty in Measurement (inglês)
Tradução: Guia para a Expressão de Incerteza de Medição";"Evaluation of measurement data: Guide to the expression of uncertainty in measurement – GUM 2008. 2008. ISBN: 978-85-86920-13-4";2025-12-16;;;;;
ATIVO;ABNT;"Associação Brasileira de Normas Técnicas";www.abnt.org.br;2025-04-17;;;;;
ATIVO;"Ação corretiva";"Ação para eliminar a causa de uma não conformidade e para prevenir recorrência.";"ABNT NBR ISO 9000:2015";2025-04-17;;;;;
ATIVO;"Ação de emergência";"Ação imediata para conter um problema, geralmente atacando o efeito. A causa será analisada depois. Ex.: relatório com dados errados - ação: informar o cliente imediatamente.";"Estabelecido internamente pela Comissão de Gestão da Qualidade.";2025-04-17;;;;;
ATIVO;"Ação preventiva";"Ação para eliminar a causa de uma potencial não conformidade ou outra situação potencialmente indesejável.";"ABNT NBR ISO 9000:2015";2025-04-17;;;;;
ATIVO;"Acidente de trabalho";"Aquele que ocorre pelo exercício do trabalho a serviço do Ital (interna ou externamente), provocando lesão corporal, perturbação funcional que cause a morte, ou perda, ou redução permanente ou temporária, da capacidade para o trabalho, incluindo acidentes de trajeto, de acordo com o que está determinado na legislação.";"Estabelecido internamente pela Comissão de Gestão da Qualidade.";2025-04-17;;;;;
ATIVO;"Acidente de trajeto";"Aquele sofrido pelo empregado no percurso usual da residência ou do local de refeição para o trabalho, ou deste para aqueles. Não se aplica em acidente sofrido pelo empregado que por interesse pessoal tiver interrompido ou alterado o percurso.";"Estabelecido internamente pela Comissão de Gestão da Qualidade.";2025-04-17;;;;;
ATIVO;"Acidente material";"Aquele que causa apenas dano material, mas que se não for devidamente prevenido pode oferecer riscos aos funcionários (Ex.: princípios de incêndio, derramamento de produtos perigosos, quebra de equipamentos, vidrarias etc.).";"Estabelecido internamente pela Comissão de Gestão da Qualidade.";2025-04-17;;;;;
ATIVO;"Acidente pessoal";"Aquele sofrido pelo empregado no desenvolvimento de suas atividades de trabalho, com danos físicos ao colaborador.";"Estabelecido pela Cipa";2025-04-17;;;;;
ATIVO;"Agência de fomento";"Órgãos que fornecem aporte financeiro para pesquisadores e cientistas para fomentar a pesquisa científica e tecnológica em universidades e instituições.";http://www.brasil.gov.br/ciencia-e-tecnologia;2025-04-17;;;;;
ATIVO;"Ajuste (de um sistema de medição)";"Conjunto de operações efetuadas em um sistema de medição, de modo que ele forneça indicações prescritas correspondentes a determinados valores de uma grandeza a ser medida.";"VIM  2012 - item 3.11";2025-04-17;;;;;
ATIVO;"Alta Direção";"Diretor Geral, Diretor das Unidades e seus respectivos substitutos";"Estabelecido internamente pelo Conselho Técnico Científico.";2025-04-17;;;;;
ATIVO;"Ambiente externo";"Questões provenientes dos ambientes legal, tecnológico, competitivo, de mercado, cultural, social e econômico, tanto nacionais, regionais ou locais. Equivalente a contexto externo.";"ABNT NBR ISO 9001:2015";2025-04-17;;;;;
ATIVO;"Ambiente interno";"Questões relativas a valores, cultura, conhecimento e desempenho da organização. Equivalente a contexto interno.";"ABNT NBR ISO 9001:2015";2025-04-17;;;;;
ATIVO;"Análise Crítica";"Determinação da pertinência, adequação ou eficácia de um objeto para alcançar os objetivos estabelecidos.";"ABNT NBR ISO 9000:2015";2025-04-17;;;;;
ATIVO;Anemômetro;"Equipamento utilizado para medir a velocidade ou força dos ventos.";"Estabelecido internamente pela Comissão de Gestão da Qualidade.";2025-04-17;;;;;
ATIVO;"Apoio Operacional";"Setor do Sistema DG responsável pelas áreas de manutenção, finanças, suprimentos e outros.";"Decreto nº 66.417, de 30 de dezembro de 2021";2025-04-17;;;;;
ATIVO;Apta;"Agência Paulista de Tecnologia dos Agronegócios";"Decreto nº 52167 de 1969.";2025-04-17;;;;;
ATIVO;"Área de descarte de resíduo químico do Ital";"Área de armazenamento de resíduos líquidos e sólidos perigosos: área coberta, protegida de intempéries, ventilada, isolada, onde são armazenados, temporariamente, os resíduos perigosos previamente classificados, segregados e acondicionados para posterior incineração ou outra destinação.";"Estabelecido internamente pela Comissão de Gestão da Qualidade.";2025-04-17;;;;;
ATIVO;Áreas-fim;"Áreas de realização de atividades de realização de serviço e produto.";"Estabelecido internamente pela Comissão de Gestão da Qualidade.";2025-04-17;;;;;
ATIVO;Áreas-meio;"Áreas de realização de atividades de suporte para área-fim (administrativo, qualidade, recursos humanos etc.).";"Estabelecido internamente pela Comissão de Gestão da Qualidade.";2025-04-17;;;;;
ATIVO;"Assistência tecnológica";"Consultoria, parecer técnico, serviços em planta piloto e serviços e produtos agrupados para atendimento de demandas tecnológicas.";"Estabelecido internamente pelo Conselho Técnico Científico.";2025-04-17;;;;;
ATIVO;ASTM;"American Society for Testing and Materials";https://www.astm.org/;2025-04-17;;;;;
ATIVO;"Aterro sanitário";"Área específica designada pela prefeitura para disposição de resíduo orgânico urbano.";"Estabelecido internamente pela Comissão de Gestão da Qualidade.";2025-04-17;;;;;
ATIVO;Atividade;"Etapa de um processo para realização de um produto. Exemplo: pesagem de amostra, seleção de equipamento etc.";"Estabelecido internamente pela Comissão de Gestão da Qualidade.";2025-04-17;;;;;
ATIVO;"Auditoria de terceira parte";"Auditoria conduzida por organizações de auditoria , independentes, como aquelas que fornecem certificação/registro de conformidade ou por agências governamentais.";"ABNT NBR ISO 9000:2015
ABNT NBR ISO 19011:2018";2025-04-17;;;;;
ATIVO;"Auditoria horizontal";"Verificação detalhada de cada elemento do sistema de gestão (equipamentos, métodos, pessoal, materiais, planejamento do SGQ etc.).";"Estabelecido internamente pela Comissão de Gestão da Qualidade.";2025-04-17;;;;;
ATIVO;"Auditoria interna da qualidade";"Auditoria conduzida pela própria organização para análise crítica pela direção e para outros propósitos internos e podem formar a base para uma declaração de conformidade da organização.";"ABNT NBR ISO 9000:2015
ABNT NBR ISO 19011:2018";2025-04-17;;;;;
ATIVO;"Auditoria vertical";"Verificação de cada operação associada a um determinado processo (ensaios, projetos, cursos oferecidos etc.).";"Estabelecido internamente pela Comissão de Gestão da Qualidade.";2025-04-17;;;;;
ATIVO;Backup;"Cópia de segurança de arquivos/documentos, para que esses possam ser restaurados em caso de perda dos dados originais.";"Estabelecido internamente pela Comissão de Gestão da Qualidade.";2025-04-17;;;;;
ATIVO;BEC;"Bolsa Eletrônica de Compras";www.bec.sp.gov.br;2025-04-17;;;;;
ATIVO;BIB;Biblioteca;"Estabelecido internamente pela Comissão de Gestão da Qualidade.";2025-04-17;;;;;
ATIVO;BJFT;"Brazilian Journal of Food Technology";http://bjft.ital.sp.gov.br/;2025-04-17;;;;;
ATIVO;CA;"Certificado de Aprovação";http://trabalho.gov.br/;2025-04-17;;;;;
ATIVO;CAA;"Centro de Atividades Administrativas. Equivalente à Divisão de Administração Integrada do Ital. ";"Definida pela Diretora Geral com base em: Decreto nº 69.664, de 29 de junho de 2025, Resolução SAA nº 41/2025, Decreto nº 66.530, de 25 de fevereiro de 2022 (Portaria Normativa nº 01/2022) e Decreto nº 66.417, de 30 de dezembro de 2021.";2026-06-11;;;;;
ATIVO;Cadri;"Certificado de Aprovação para Destinação de Resíduos Industriais, emitido pelo órgão ambiental regional CETESB.";http://www.cetesb.sp.gov.br;2025-04-17;;;;;
ATIVO;Cadterc;"Estudos técnicos de serviços terceirizados";www.bec.sp.gov.br;2025-04-17;;;;;
ATIVO;Caldeira;"Equipamento destinado a produzir e acumular vapor sob pressão superior à atmosférica, utilizando qualquer fonte de energia, projetado conforme códigos pertinentes, excetuando-se refervedores e similares.";"NR 13 - Norma Regulamentadora do Trabalho";2025-04-17;;;;;
ATIVO;Calibração;"Operação que estabelece, numa primeira etapa e sob condições especificadas, uma relação entre os valores e as incertezas de medição fornecidos por padrões e as indicações correspondentes com as incertezas associadas; numa segunda etapa, utiliza essa informação para estabelecer uma relação visando à obtenção de um resultado de medição a partir de uma indicação.";"VIM 2012 - item 2.39";2025-04-17;;;;;
ATIVO;Capes;"Coordenação de Aperfeiçoamento de Pessoal de Nível Superior";www.capes.gov.br;2025-04-17;;;;;
ATIVO;Cargo;"Título resultante de um agrupamento de tarefas, de mesma natureza e nível de complexidade, atribuídas a um ou mais funcionários da organização, de forma genérica.";"Estabelecido internamente pela Comissão de Gestão da Qualidade.";2025-04-17;;;;;
ATIVO;CAT;"Comunicado de Acidente de Trabalho.";https://portal.inss.gov.br;2025-04-17;;;;;
ATIVO;Caufesp;"Cadastro Único de Fornecedores do Estado de São Paulo";www.bec.sp.gov.br;2025-04-17;;;;;
ATIVO;CCD;"Centro de Ciência para o Desenvolvimento - Projeto colaborativo Fapesp de até cinco anos orientado a problemas específicos, de interesse social ou econômico do Estado de São Paulo, visando o avanço do conhecimento e a melhoria de políticas públicas, reunindo pesquisadores de universidades e instituições de pesquisa paulistas, gestores de órgãos do governo estadual e de municípios, além de empresas e organizações não governamentais (ONGs)";https://fapesp.br/16421/programa-centros-de-ciencia-para-o-desenvolvimento;2025-04-17;;;;;
ATIVO;"CCD Círcula";"Centro de Ciência para o Desenvolvimento Soluções para os Resíduos Pós-Consumo: Embalagens e Produtos - Projeto colaborativo Fapesp com a missão de desenvolver soluções inovadoras voltadas ao problema dos resíduos pós-consumo para reduzir ou eliminar o seu impacto negativo, com base nos princípios da economia circular e nos Objetivos de Desenvolvimento Sustentável.";https://bv.fapesp.br/pt/auxilios/110534/centro-de-ciencias-para-o-desenvolvimento-ccd-solucoes-para-os-residuos-pos-consumo-embalagens-e-pro/;2025-04-17;;;;;
ATIVO;CCQA;"Centro de Ciência e Qualidade dos Alimentos.";"Estabelecido internamente pelo Conselho Técnico Científico.";2025-04-17;;;;;
ATIVO;CD;"Conselho Técnico-Científico (Conselho Diretor).";"Decreto nº 52167 de 1969";2025-04-17;;;;;
ATIVO;Cepagri;"Centro de Pesquisas Meteorológicas e Climáticas Aplicadas a Agricultura";http://www.cepagri.unicamp.br/;2025-04-17;;;;;
ATIVO;"Cereal Chocotec";"Centro de Tecnologia de Cereais e Chocolate";"Decreto nº 46.488 de 8 de janeiro de 2002";2025-04-17;;;;;
ATIVO;"Certificação digital";"Mecanismo tecnológico para comprovação de autenticidade, confidencialidade e integridade das informações de determinado documento.";"Estabelecido internamente pela Comissão de Gestão da Qualidade.";2025-04-17;;;;;
ATIVO;Cetea;"Centro de Tecnologia de Embalagem";"Decreto nº 46.488 de 8 de janeiro de 2002";2025-04-17;;;;;
ATIVO;Cetesb;"Companhia Ambiental do Estado de São Paulo";http://www.cetesb.sp.gov.br;2025-04-17;;;;;
ATIVO;CG;"Cromatógrafo Gasoso, também conhecido pela sigla em inglês GC";"Estabelecido internamente pela Comissão de Gestão da Qualidade.";2025-04-17;;;;;
ATIVO;Cgcre;"Coordenação Geral de Acreditação (Inmetro)";http://www.inmetro.gov.br/;2025-04-17;;;;;
ATIVO;CGQ;"Comissão de Gestão da Qualidade";"Estabelecido internamente pelo Conselho Técnico Científico.";2025-04-17;;;;;
ATIVO;Checagem;"Ação simples para confirmar operacionalidade de um equipamento.";"Estabelecido internamente pela Comissão de Gestão da Qualidade.";2025-04-17;;;;;
ATIVO;"Checagem intermediária";"Checagem efetuada entre as calibrações/verificações programadas, a intervalos de tempo definidos, segundo procedimento estabelecido, visando fornecer evidências sobre a manutenção ou não da conformidade de um Eime. Esses intervalos são normalmente menores do que o intervalo de calibração do Eime.";"Estabelecido internamente pela Comissão de Gestão da Qualidade.";2025-04-17;;;;;
ATIVO;CIC;"Comissão de Integridade Científica";"Portaria Ital nº22 de 03 de julho de 2017.";2025-04-17;;;;;
ATIVO;CID;"Código de Identificação de Doença.";www.cid10.com.br;2025-04-17;;;;;
ATIVO;CLAE;"Cromatógrafo Líquido de Alta Eficiência, também conhecido pela sigla em inglês HPLC";"Estabelecido internamente pela Comissão de Gestão da Qualidade.";2025-04-17;;;;;
ATIVO;Cliente;"Pessoa ou organização que poderia receber ou que recebe um produto ou um serviço destinado para, ou solicitado por, essa pessoa ou organização.";"ABNT NBR ISO 9000:2015";2025-04-17;;;;;
ATIVO;CLT;"Consolidação das Leis do Trabalho (legislação trabalhista aplicada aos funcionários contratados).";"DECRETO-LEI N.º 5.452, DE 1º DE MAIO DE 1943";2025-04-17;;;;;
ATIVO;CND;"Certidäo Negativa de Débito";https://www.receita.fazenda.gov.br/;2025-04-17;;;;;
ATIVO;CNPq;"Conselho Nacional de Desenvolvimento Científico e Tecnológico";http://cnpq.br;2025-04-17;;;;;
ATIVO;"Coeficiente de determinação (r2)";"Este parâmetro permite uma estimativa da qualidade da curva obtida, pois quanto mais próximo de 1,0, menor a dispersão do conjunto de pontos experimentais e menor a incerteza dos coeficientes de regressão estimados.";"Estabelecido internamente pela Comissão de Gestão da Qualidade.";2025-04-17;;;;;
ATIVO;Colaboradores;"Funcionários estatutários, funcionários contratados pela Fundação de Apoio e colaboradores especiais.";"Estabelecido internamente pelo Conselho Técnico Científico.";2025-04-17;;;;;
ATIVO;"Coleta seletiva";"Coleta de resíduos passíveis de reciclagem, devidamente segregados e identificados, tais como: vidro, plástico, metal e papel.";"Estabelecido internamente pela Comissão de Gestão da Qualidade.";2025-04-17;;;;;
ATIVO;"Combate a incêndio";"É o conjunto de ações táticas destinadas a extinguir ou isolar o incêndio com uso de equipamentos manuais ou automáticos.";http://www.corpodebombeiros.sp.gov.br/;2025-04-17;;;;;
ATIVO;Comburente;"É qualquer gás que favorece a combustão; o mais comum é o oxigênio encontrado na atmosfera, numa concentração em torno de 21% em volume.";http://www.corpodebombeiros.sp.gov.br/;2025-04-17;;;;;
ATIVO;Combustível;"É tudo aquilo que pode queimar e que alimenta o fogo.  É encontrado em três formas: sólida (ex: madeira, borracha, metal), líquida (ex: álcool, éter, gasolina) e gasosa (ex: butano, propano).";http://www.corpodebombeiros.sp.gov.br/;2025-04-17;;;;;
ATIVO;Competência;"Capacidade de aplicar conhecimento e habilidades para alcançar resultados pretendidos.";"ABNT NBR ISO 9000:2015";2025-04-17;;;;;
ATIVO;"Comprovação metrológica";"Conjunto de operações necessárias para assegurar que um EIME atende aos requisitos de seu uso pretendido.";"Estabelecido internamente pela Comissão de Gestão da Qualidade.";2025-04-17;;;;;
ATIVO;COMUT;"Comutação Bibliográfica";http://comut.ibict.br;2025-04-17;;;;;
ATIVO;"Condição de precisão intermediária";"Condição de medição num conjunto de condições, as quais compreendem o mesmo procedimento de medição, o mesmo local e medições repetidas no mesmo objeto ou em objetos similares, ao longo de um período extenso de tempo, mas pode incluir outras condições que envolvam mudanças.";"VIM 2012";2025-04-17;;;;;
ATIVO;"Condição de repetitividade de medição";"Condição de medição num conjunto de condições, as quais compreendem o mesmo procedimento de medição, os mesmos operadores, o mesmo sistema de medição, as mesmas condições de operação e o mesmo local, assim como medições repetidas no mesmo objeto ou em objetos similares durante um curto período de tempo.";"VIM 2012";2025-04-17;;;;;
ATIVO;Confidencialidade;"Ato de zelar pela propriedade da informação que não pode ser disponibilizada ou divulgada sem autorização. É a garantia do resguardo das informações acessadas e da proteção contra revelação não autorizada. Equivalente a Sigilo.";"Estabelecido internamente pela Comissão de Gestão da Qualidade.";2025-04-17;;;;;
ATIVO;"Cópia controlada";"Cópia de um documento controlada por meio de lista mestra de documentos.";"Estabelecido internamente pela Comissão de Gestão da Qualidade.";2025-04-17;;;;;
ATIVO;"Cópia não controlada";"Cópia de um documento que não é controlada e, portanto, não deve ser utilizada para realização de atividades rotineiras de trabalho (Ex.: cópias cedidas para estudo ou para conhecimento do procedimento em um determinado momento).";"Estabelecido internamente pela Comissão de Gestão da Qualidade.";2025-04-17;;;;;
ATIVO;CORH;"Coordenadoria de Recursos Humanos";"Decreto nº 66.417, de 30 de dezembro de 2021";2025-04-17;;;;;
ATIVO;Correção;"Ação para eliminar uma não conformidade identificada.";"ABNT NBR ISO 9000:2015";2025-04-17;;;;;
ATIVO;CPF;"Cadastro de Pessoas Físicas";https://idg.receita.fazenda.gov.br/;2025-04-17;;;;;
ATIVO;CPG;"Comitê de Pós-Graduação";"Regimento Interno do Programa  de  Pós-Graduação (03 de junho de 2015)";2025-04-17;;;;;
ATIVO;CPRTI;"Comissão Permanente do Regime de Tempo Integral - Comissão da Secretaria de Planejamento e Gestão do Governo do Estado de São Paulo composta por pesquisadores científicos escolhidos pelo governador a partir de listas recebidas após eleições especiais; suas atribuições são planejar, organizar e executar a avaliação da atividade científica e técnica dos pesquisadores científicos e os concursos para ingresso e acesso na carreira (Leis Complementares nº 125, de 18 de novembro de 1975, nº 335, de 22 de dezembro de l983, e nº 656, de 28 de junho de 1991 - Anexo 1), além de formular e propor regulamentação sobre aspectos referentes ao Regime de Tempo Integral e opinar decisivamente sobre a movimentação do pessoal científico.";https://pesquisador.planejamento.sp.gov.br/Home/Cprti;2025-04-17;;;;;
ATIVO;CRM;"Conselho Regional de Medicina.";www.cremesp.org.br/;2025-04-17;;;;;
ATIVO;CTC;"Centro de Tecnologia de Carnes";"Decreto nº 46.488 de 8 de janeiro de 2002";2025-04-17;;;;;
ATIVO;Custeio;"Recursos financeiros necessários para aquisição de produtos não duráveis (material de consumo, drogas, reagentes, diárias, treinamentos, serviços terceirizados, combustíveis etc.). Despesas gerais não incluídas em investimentos ou pessoal.";"Estabelecido internamente pelo Conselho Técnico Científico.";2025-04-17;;;;;
ATIVO;Dados;"Informações quantificáveis sobre um determinado assunto.";"Estabelecido internamente pela Comissão de Gestão da Qualidade.";2025-04-17;;;;;
ATIVO;"Declaração de Razoabilidade";"É um documento emitido pelo fornecedor, no qual ele declara, sob as penas da lei, que os valores praticados estão de acordo com os valores praticados no mercado.";"Definido pelo Centro de Atividade Administrativa.";2025-04-17;;;;;
ATIVO;DEMEX;"Divisão Estadual de Material Excedente.";http://www.saopaulo.sp.gov.br/;2025-04-17;;;;;
ATIVO;DETIN;"Departamento de Transportes Internos";www.gcti.sp.gov.br;2025-04-17;;;;;
ATIVO;DF;"Descrição de função: descreve funções a serem realizadas pelo funcionário.";"Estabelecido internamente pela Comissão de Gestão da Qualidade.";2025-04-17;;;;;
ATIVO;DG;"Diretor Técnico de Departamento ou Diretor Geral";"Decreto nº 52167 de 1969";2025-04-17;;;;;
ATIVO;"Difusão do conhecimento";"Setor do Sistema DG responsável pelas áreas de eventos, atendimentos fale conosco, ouvidoria, biblioteca Ital e informação tecnológica.";"Decreto nº 66.417, de 30 de dezembro de 2021";2025-04-17;;;;;
ATIVO;Documento;"Informação e o meio no qual ela está contida.";"ABNT NBR ISO 9000:2015";2025-04-17;;;;;
ATIVO;"Documento da qualidade";"Documentação que estabelece os procedimentos do SGQ.";"Estabelecido internamente pela Comissão de Gestão da Qualidade.";2025-04-17;;;;;
ATIVO;DOE;"Diário Oficial do Estado";https://www.imprensaoficial.com.br/;2025-04-17;;;;;
ATIVO;DPME;"Departamento de Perícias Médicas do Estado de São Paulo";www.dpme.saude.sp.gov.br;2025-04-17;;;;;
ATIVO;DT;"Diretor Técnico de Divisão (Diretor de Unidade)";"Estabelecido internamente  pelo Conselho Técnico Científico.";2025-04-17;;;;;
ATIVO;EAIP;"Escritório de Apoio Institucional ao Pesquisador";http://www.fapesp.br/eaip;2025-04-17;;;;;
ATIVO;EEB;"Empréstimo entre Bibliotecas";www.iqsc.usp.br/eeb/;2025-04-17;;;;;
ATIVO;Eficácia;"Extensão na qual atividades planejadas são realizadas e resultados planejados são alcançados.";"ABNT NBR ISO 9000:2015
ABNT NBR ISO 19011:2018";2025-04-17;;;;;
ATIVO;EFP;"Estatuto dos Funcionários Públicos Civis do Estado.";"Lei nº 10.261, de 28 de outubro de 1968";2025-04-17;;;;;
ATIVO;Eime;"Equipamento passível de calibração e/ou verificação, que tenha efeito significativo sobre o resultado obtido em ensaios/análises, projetos e demais processos de realização do produto.";"Estabelecido internamente pela Comissão de Gestão da Qualidade.";2025-04-17;;;;;
ATIVO;"Embalagens contaminadas com produtos químicos";"São consideradas embalagens contaminadas os recipientes que contenham produtos químicos, que possam ser agressivos à saúde e ao meio ambiente. Exemplos: embalagens de vidro, plásticas, metálicas ou papel; sacos plásticos e de papel; bombonas plásticas; barricas de papelão; tambores (metálicos e não-metálicos); entre outras. As embalagens que, por qualquer motivo, não puderem ser descontaminadas deverão ser classificadas como resíduos perigosos.";"Estabelecido internamente pela Comissão de Gestão da Qualidade.";2025-04-17;;;;;
ATIVO;Embrapa;"Empresa Brasileira de Pesquisa Agropecuária.";www.embrapa.br;2025-04-17;;;;;
ATIVO;EPC;"Equipamento de Proteção Coletiva";"NR 06 - Norma Regulamentadora do Trabalho";2025-04-17;;;;;
ATIVO;EPI;"Equipamento de Proteção Individual";"NR 06 - Norma Regulamentadora do Trabalho";2025-04-17;;;;;
ATIVO;"Equipamento desativado";"Equipamento que se encontra sem condições de operação devendo ser segregado e/ou adequadamente identificado conforme descrito no PQ-08.02. Sua numeração poderá ser reutilizada a critério da Unidade, desde que seja mantida a rastreabilidade das informações referentes ao equipamento desativado.";"Estabelecido internamente pela Comissão de Gestão da Qualidade.";2025-04-17;;;;;
ATIVO;"Equipamento inativo (ou fora de uso)";"Equipamento que se encontra fora de uso temporariamente, podendo ser reativado, desde que comprovado que está em condições de atender as especificações requeridas para uso.";"Estabelecido internamente pela Comissão de Gestão da Qualidade.";2025-04-17;;;;;
ATIVO;"Erro absoluto (EA)";"Diferença entre o valor correto e o valor obtido experimentalmente. O valor pode ser negativo ou positivo.";"Estabelecido internamente pela Comissão de Gestão da Qualidade.";2025-04-17;;;;;
ATIVO;"Erro de medição (E)";"Diferença entre o valor medido de uma grandeza e um valor de referência.";"VIM 2012 - item 2.16";2025-04-17;;;;;
ATIVO;"Erro máximo do equipamento (EME) ou Incerteza total";"É a soma da tendência ou erro com a incerteza expandida.";"ISO 14253";2025-04-17;;;;;
ATIVO;Estagiário;"Indivíduo vinculado a instituições de ensino regular, cumprindo estágio obrigatório (curricular) ou não-obrigatório (não-curricular), definido junto a um orientador do corpo técnico do Ital e registrado no NTC.";"Lei nº 11.788, de  25 de setembro de 2008, com adaptação  para o Sistema de Gestão da Qualidade do Ital.";2025-04-17;;;;;
ATIVO;Estágio;"Ato educativo escolar supervisionado, desenvolvido no ambiente de trabalho, que visa à preparação para o trabalho produtivo de educandos que estejam frequentando o ensino regular em instituições de educação superior, de educação profissional, de ensino médio, da educação especial e dos anos finais de ensino fundamental, na modalidade profissional da educação de jovens e adultos.";"Lei nº 11.788, de  25 de setembro de 2008.";2025-04-17;;;;;
ATIVO;Evento;"Atividades com finalidade de treinamento (cursos) e transferência de conhecimento técnico científico (seminários, workshops etc., programado pelo Ital e aberto à participação de qualquer interessado";"Estabelecido internamente pelo Conselho Técnico Científico.";2025-04-17;;;;;
ATIVO;Eventos;"Área responsável pelo apoio aos eventos realizados pelo Ital";"Estabelecido internamente pelo Conselho Técnico Científico.";2025-04-17;;;;;
ATIVO;"Evidência objetiva";"Dados que apoiam a existência ou a veracidade de alguma coisa.";"ABNT NBR ISO 9000:2015
ABNT NBR ISO 19011:2018";2025-04-17;;;;;
ATIVO;FA;"Fundação de Apoio: Fundação que mantém contrato com a Apta/SAA, visando à contratação de serviços especializados ou projetos para atendimento de seus usuários";"Estabelecido internamente  pelo Conselho Técnico Científico.";2025-04-17;;;;;
ATIVO;Fapesp;"Fundação de Amparo à Pesquisa do Estado de São Paulo";http://www.fapesp.br/;2025-04-17;;;;;
ATIVO;FAT;"Ficha de Autorização de Trânsito";"Estabelecido internamente pela Comissão de Gestão da Qualidade.";2025-04-17;;;;;
ATIVO;"Fator de abrangência (K)";"Número maior do que um (1) pelo qual uma incerteza-padrão combinada é multiplicada para se obter uma incerteza de medição expandida. Um fator de abrangência é geralmente simbolizado por k. Fator citado no certificado de calibração";"VIM 2012 - item 2.38";2025-04-17;;;;;
ATIVO;FDS;"Ficha de Dados de Segurança";"ABNT NBR 14725";2025-04-17;;;;;
ATIVO;FED;"Fundo Especial de Despesas";http://www.saopaulo.sp.gov.br/;2025-04-17;;;;;
ATIVO;Finep;"Empresa pública brasileira de fomento à ciência, tecnologia e inovação.";http://www.finep.gov.br/;2025-04-17;;;;;
ATIVO;FISPQ;"Ficha de Informações de Segurança de Produto Químico";"ABNT NBR 14725-2";2025-04-17;;;;;
ATIVO;Fogo;"Toda combustão acompanhada de desenvolvimento de luz, calor e, geralmente, de chamas.";http://www.corpodebombeiros.sp.gov.br/;2025-04-17;;;;;
ATIVO;"Fonte de ignição";"É o elemento que dá início ao fogo; é ela que faz o fogo se manter e propagar pelo combustível.";http://www.corpodebombeiros.sp.gov.br/;2025-04-17;;;;;
ATIVO;Fornecedor;"Provedor externo/fornecedor externo: provedor que não pertence à organização. Exemplo: produtor, distribuidor, varejista ou vendedor de um produto ou de um serviço.";"ABNT NBR ISO 9000:2015";2025-04-17;;;;;
ATIVO;FQ;"Formulário da Qualidade: documento padronizado para o registro de determinado tipo de dado ou informação.";"Estabelecido internamente pela Comissão de Gestão da Qualidade.";2025-04-17;;;;;
ATIVO;Fruthotec;"Centro de Tecnologia de Frutas e Hortaliças";"Decreto nº 46.488 de 8 de janeiro de 2002";2025-04-17;;;;;
ATIVO;Função;"Conjunto de responsabilidades e atividades efetivamente exercidas pelo ocupante de um cargo, com sua especificidade.";"Estabelecido internamente pela Comissão de Gestão da Qualidade.";2025-04-17;;;;;
ATIVO;"Funcionário Estatutário";"Servidor titular em cargo público";www.recursoshumanos.sp.gov.br/;2025-04-17;;;;;
ATIVO;Fundepag;"Fundação de Desenvolvimento da Pesquisa do Agronegócio";www.fundepag.br;2025-04-17;;;;;
ATIVO;Fussesp;"Fundo Social de Solidariedade do Estado de São Paulo.";http://www.fundosocial.sp.gov.br/;2025-04-17;;;;;
ATIVO;"Gastos com pessoal";"Gastos com funcionários concursadas ou comissionadas contratadas pelo Estado ou contratadas pela Fundação de Apoio para prestar serviços no Ital. Nos gastos com pessoal contratado pelo Estado é considerado o valor bruto e com pessoal contratado por Fundação de Apoio valor bruto mais encargos, incluindo bolsas de pesquisa em todas as modalidades e de estagiários.";"Estabelecido internamente  pelo Conselho Técnico Científico.";2025-04-17;;;;;
ATIVO;"Gerador de resíduo";"Unidade técnica geradora de resíduos de qualquer natureza, responsável pela segregação, Identificação e destinação dos resíduos e das respectivas embalagens.";"Estabelecido internamente pela Comissão de Gestão da Qualidade.";2025-04-17;;;;;
ATIVO;Gesp;"Governo do Estado de São Paulo";www.saopaulo.sp.gov.br/;2025-04-17;;;;;
ATIVO;Gestor;"Diretor Geral, diretores de Unidades e seus substitutos e assessores.";"Estabelecido internamente  pelo Conselho Técnico Científico.";2025-04-17;;;;;
ATIVO;GTI;"Grupo de Tecnologia da Informação";"Estabelecido internamente pelo Conselho Técnico Científico.";2025-04-17;;;;;
ATIVO;HD;"Disco rígido onde os dados são armazenados";"Estabelecido internamente pela Comissão de Gestão da Qualidade.";2025-04-17;;;;;
ATIVO;IBICT;"Instituto Brasileiro de Informação em Ciência e Tecnologia";http://www.ibict.br/;2025-04-17;;;;;
ATIVO;"Identificação alfanumérica";"Sistema de codificação/identificação em que se empregam grupos de letras e algarismos (números).";http://michaelis.uol.com.br/;2025-04-17;;;;;
ATIVO;Iluminação;"Leitura, com luxímetro, da quantidade de luz existente na área de trabalho da capela, com unidade de leitura em LUX.";"Estabelecido internamente pela Comissão de Gestão da Qualidade.";2025-04-17;;;;;
ATIVO;Imparcialidade;"Presença de objetividade. A objetividade implica a ausência de conflitos de interesse, ou a sua resolução, de modo a não influenciar de forma adversa as atividades subsequentes.";"ABNT NBR ISO/IEC 17025:2017";2025-04-17;;;;;
ATIVO;"Incerteza combinada (Ic)";"Incerteza padrão obtida ao se utilizarem incertezas padrão individuais associadas às grandezas de entrada em um modelo de medição.";"VIM 2012 - item 4.26";2025-04-17;;;;;
ATIVO;"Incerteza de medição";"Parâmetro não negativo que caracteriza a dispersão dos valores atribuídos a um mensurando, com base nas informações utilizadas.";"VIM 2012 - item 2.26";2025-04-17;;;;;
ATIVO;"Incerteza de medição expandida (U)";"Produto de uma incerteza padrão combinada por um fator maior do que o número um. O fator depende do tipo de distribuição de probabilidade da grandeza de saída e da probabilidade de abrangência escolhida.";"VIM 2012 - item 2.35";2025-04-17;;;;;
ATIVO;"Incerteza de medição instrumental";"Componente da incerteza de medição proveniente do instrumento de medição ou do sistema de medição utilizado. 
NOTA 1: A  incerteza  de  medição  instrumental  é  obtida  por  meio da  calibração  do instrumento de medição ou do sistema de medição, exceto para um padrão primário, para o qual são utilizados outros meios. 
NOTA 2: A  incerteza  de  medição  instrumental  é  utilizada  na  avaliação  do  Tipo  B  da incerteza de medição. 
NOTA 3: As  informações  referentes  à  incerteza  de  medição  instrumental  podem  ser fornecidas nas especificações do instrumento.";"VIM 2012 - item 4.24";2025-04-17;;;;;
ATIVO;Incidente;"Ocorrência inesperada no dia-a-dia de trabalho, mas que não gera nenhum dano ao funcionário e aos processos empresariais, ou seja, não afeta o decorrer das atividades. Como por exemplo, durante a troca de uma lâmpada o funcionário cai da escada e derruba a lâmpada, porém a lâmpada contínua intacta e o funcionário não sofre nenhum tipo de ferimento. Embora nada tivesse ocorrido de grave, a situação poderia ter tido consequências mais danosas e isto é considerado um incidente.";"Estabelecido pela Cipa";2025-04-17;;;;;
ATIVO;"Incineração de resíduos";"Destruição, por incineração, de resíduos perigosos.";"Estabelecido internamente pela Comissão de Gestão da Qualidade.";2025-04-17;;;;;
ATIVO;Indicadores;"Formas quantificáveis de representação das características de produtos e processos, que refletem o desempenho de uma organização. São medidas numéricas (geralmente) de desempenho relacionadas a uma meta ou a um conjunto de metas.";"Estabelecido internamente pela Comissão de Gestão da Qualidade.";2025-04-17;;;;;
ATIVO;"Informação tecnológica";"Prestação de informação pontual sobre alimentos e embalagens.";"Estabelecido internamente pelo Conselho Técnico Científico.";2025-04-17;;;;;
ATIVO;Inmetro;"Instituto Nacional de Metrologia, Normalização e Qualidade Industrial";www.inmetro.gov.br/;2025-04-17;;;;;
ATIVO;"Inovação tecnológica";"Introdução de novidade ou aperfeiçoamento no ambiente produtivo e/ou social que resulte em novos processos, produtos ou serviços, bem como em ganho de qualidade ou produtividade em processos, produtos ou serviços já existentes, visando ampliar a competitividade no mercado, bem como a melhoria das condições de vida da maioria da população, e a sustentabilidade socioambiental.";"D.O. Resolução SAA 12 de 10-3-2016";2025-04-17;;;;;
ATIVO;Inspeção;"Determinação da conformidade a requisitos especificados";"ABNT NBR ISO 9000:2015";2025-04-17;;;;;
ATIVO;INSS;"Instituto Nacional de Seguro Social";www.previdencia.gov.br;2025-04-17;;;;;
ATIVO;Insumo;"Produto utilizado em um processo, exceto amostra.";"Estabelecido internamente pela Comissão de Gestão da Qualidade.";2025-04-17;;;;;
ATIVO;Investimento;"Recursos financeiros necessários para aquisição de equipamentos, veículos, livros e periódicos, reformas e obras, provenientes de todas as fontes: orçamentário (Gesp e FED), Fundepag, Agências de Fomento (Fapesp, Finep, CNPq etc.).";"Estabelecido internamente  pelo Conselho Técnico Científico.";2025-04-17;;;;;
ATIVO;IQF;"Índice Médio de Qualidade de Fornecimento: representa a média das avaliações dos 10 (dez) últimos fornecimentos ou menos (em casos de poucos fornecimentos) de um determinado fornecedor, após as ponderações dos itens de satisfação considerados na avaliação.";"Estabelecido internamente pela Comissão de Gestão da Qualidade.";2025-04-17;;;;;
ATIVO;ISBN;"International Standard Book Number.";http://www.isbn.bn.br/website/;2025-04-17;;;;;
ATIVO;ISSN;"International Standard Serial Number";http://www.ibict.br/informacao-para-ciencia-tecnologia-e-inovacao%20/centro-brasileiro-do-issn;2025-04-17;;;;;
ATIVO;ISSQN;"Imposto sobre Serviços de Qualquer Natureza";http://www.campinas.sp.gov.br/governo/financas/issqn/;2025-04-17;;;;;
ATIVO;IT;"Instrução de Trabalho: é um procedimento com descrição mais detalhada da atividade ou processo a ser executado.";"Estabelecido internamente pela Comissão de Gestão da Qualidade.";2025-04-17;;;;;
ATIVO;Ital;"Instituto de Tecnologia de Alimentos";"Decreto nº 52.167 de 1969";2025-04-17;;;;;
ATIVO;IU;"Instrução de Uso: documento simples de orientação do passo-a-passo de uso de um equipamento, incluindo os cuidados pertinentes. Em muitos casos ela já está contida no MO.";"Estabelecido internamente pela Comissão de Gestão da Qualidade.";2025-04-17;;;;;
ATIVO;Jucerja;"Junta Comercial do Estado do Rio de Janeiro";https://www.jucerja.rj.gov.br/;2025-04-17;;;;;
ATIVO;Jucesp;"Junta Comercial do Estado de São Paulo";https://www.jucesponline.sp.gov.br/;2025-04-17;;;;;
ATIVO;Luxímetro;"Equipamento utilizado para medir a intensidade de iluminação em lux.";"Estabelecido internamente pela Comissão de Gestão da Qualidade.";2025-04-17;;;;;
ATIVO;MA;"Método analítico: procedimento técnico especificado para realizar um ensaio.";"Estabelecido internamente pela Comissão de Gestão da Qualidade.";2025-04-17;;;;;
ATIVO;"Manutenção corretiva";"serviço executado em equipamento que apresenta falha.";"Estabelecido internamente pela Comissão de Gestão da Qualidade.";2025-04-17;;;;;
ATIVO;"Manutenção preventiva";"ação planejada com intervalo de tempo definido e efetuada com a intenção de reduzir a probabilidade de falha ou queda no desempenho do equipamento.";"Estabelecido internamente pela Comissão de Gestão da Qualidade.";2025-04-17;;;;;
ATIVO;"Mapa de riscos ambientais";"Representação gráfica de um conjunto de fatores presentes nos locais de trabalho, capazes de acarretar prejuízos à saúde dos trabalhadores.";"Estabelecido internamente pela Comissão de Gestão da Qualidade.";2025-04-17;;;;;
ATIVO;"Material Permanente";"Aquele que, em razão de seu uso corrente, não perde a sua identidade física, e/ou tem uma durabilidade superior a dois anos (exemplo: móveis, equipamentos, veículos, livros, periódicos etc.).";"Estabelecido internamente pela Comissão de Gestão da Qualidade.";2025-04-17;;;;;
ATIVO;Missão;"Propósito da existência da organização, como expresso pela Alta Direção.";"ABNT NBR ISO 9000:2015";2025-04-17;;;;;
ATIVO;MO;"Método de Operação de Equipamentos: documento referente aos métodos de operação dos equipamentos utilizados pela Unidade.";"Estabelecido internamente pela Comissão de Gestão da Qualidade.";2025-04-17;;;;;
ATIVO;MQ;"Manual da Qualidade: especificação para o sistema de gestão da qualidade de uma organização. Estabelecido em atendimento à ABNT NBR ISO 9001 e ABNT NBR ISO 17025.";"ABNT NBR ISO 9000:2015 com adaptação para o Sistema de Gestão da Qualidade do Ital.";2025-04-17;;;;;
ATIVO;MS;"Manual de Segurança do Trabalho: documento que especifica os requisitos de segurança para realizar atividades nas Unidades.";"Estabelecido internamente pela Comissão de Gestão da Qualidade.";2025-04-17;;;;;
ATIVO;MTE;"Ministério do Trabalho e Emprego";http://trabalho.gov.br/;2025-04-17;;;;;
ATIVO;MV;"Matriz de versatilidade:matriz que relaciona o funcionário, as competências requeridas para o exercício de sua função e o nível de sua capacitação.";"Estabelecido internamente pela Comissão de Gestão da Qualidade.";2025-04-17;;;;;
ATIVO;NC;"Não conformidade: não atendimento de um requisito.";"ABNT NBR ISO 9000:2015
ABNT NBR ISO 19011:2018";2025-04-17;;;;;
ATIVO;NCBI;"Não Conformidade ou Melhoria de Baixo Impacto.";"Estabelecido internamente pela Comissão de Gestão da Qualidade.";2025-04-17;;;;;
ATIVO;NF;"Nota fiscal";"Estabelecido internamente pela Comissão de Gestão da Qualidade.";2025-04-17;;;;;
ATIVO;NI;"Norma Interna: procedimento específico de uma Unidade.";"Estabelecido internamente pela Comissão de Gestão da Qualidade.";2025-04-17;;;;;
ATIVO;NIE;"Sigla equivalente à Apoio Operacional. Será extinta conforme revisão dos documentos.";"Decreto nº 66.417, de 30 de dezembro de 2021";2025-04-17;;;;;
ATIVO;NIST;"National Institute of Standards and Technology";https://www.nist.gov/;2025-04-17;;;;;
ATIVO;NIT;"Núcleo de Inovação Tecnológica do Ital: grupo responsável pela gestão da política institucional de inovação do Instituto.";"Estabelecido internamente pelo Conselho Técnico Científico.";2025-04-17;;;;;
ATIVO;"Nota técnica";"Documento elaborado por técnicos especializados em determinado assunto.";"Definição estabelecida pela DG.";2025-04-17;;;;;
ATIVO;NPOP;"Núcleo de Pesquisa Orientada a Problemas";https://bv.fapesp.br/pt/699/nucleos-de-pesquisa-orientada-a-problemas-em-sao-paulo-npop-sp;2025-04-17;;;;;
ATIVO;NR;"Norma Regulamentadora do Ministério do Trabalho";www.mte.gov.br;2025-04-17;;;;;
ATIVO;NTC;"Núcleo de Treinamento e Capacitação. Anterior NQRH.";"Decreto nº 66.417, de 30 de dezembro de 2021";2025-04-17;;;;;
ATIVO;"Objetivo da qualidade";"Resultado a ser alcançado que diz respeito à qualidade.";"ABNT NBR ISO 9000:2015";2025-04-17;;;;;
ATIVO;"Oportunidade de melhoria";"Potencialidade de melhoria ou de não conformidade detectada.";"Estabelecido internamente pela Comissão de Gestão da Qualidade.";2025-04-17;;;;;
ATIVO;"Organograma linear de responsabilidades";"Distribuição de autoridade e responsabilidade para os diferentes tipos de atividades.";"Estabelecido internamente pela Comissão de Gestão da Qualidade.";2025-04-17;;;;;
ATIVO;Ouvidoria;"É um canal de comunicação entre o cidadão e a administração pública com a finalidade de receber manifestações, denúncias, reclamações, sugestões e elogios e prestar informações às demandas recebidas.";https://www.ouvidoria.sp.gov.br/;2025-04-17;;;;;
ATIVO;"Palestra externa";"Palestra organizada por empresa especializada fora do Ital.";"Estabelecido internamente pela Comissão de Gestão da Qualidade.";2025-04-17;;;;;
ATIVO;"Palestra interna";"Palestra promovida pelo Ital ou pelas Unidades para o público interno. O palestrante pode ser do quadro de funcionários ou externo.";"Estabelecido internamente pela Comissão de Gestão da Qualidade.";2025-04-17;;;;;
ATIVO;"Parâmetros Críticos";"Parâmetros críticos de um método de análise são os fatores ou condições que devem ser controlados para garantir a confiabilidade dos resultados analíticos. Esses parâmetros podem variar em função do método, do tipo de análise, da matriz analisada e de outros fatores. São exemplos de parâmetros críticos: temperatura, pH, tempo de reação, concentração de reagentes, agitação, equipamentos, condições ambientais entre outros.
Os parâmetros críticos devem ser registrados para demonstrar que foram controlados e atenderam adequadamente ao que foi estabelecido. Se não atendidos, devem ser tomadas ações para garantir resultados confiáveis.";"Estabelecido internamente pela Comissão de Gestão da Qualidade - Reunião de dezembro/2024.";2025-04-17;;;;;
ATIVO;"Parte interessada";"Pessoa ou organização que pode afetar, ser afetada ou se perceber afetada por uma decisão ou atividade.";"ABNT NBR ISO 9000:2015";2025-04-17;;;;;
ATIVO;"Passivos químicos";"Reagentes fora do prazo de validade, inadequados para uso ou não utilizados nas atividades rotineiras dos laboratórios por um período extenso.";"Estabelecido internamente pela Comissão de Gestão da Qualidade.";2025-04-17;;;;;
ATIVO;Patrimônio;"Área pertencente ao Apoio Operacional (DG), responsável pela gestão do patrimônio.";"Estabelecido internamente pela Diretoria Geral.";2025-04-17;;;;;
ATIVO;PBIS;"Plataforma Biotecnológica Integrada de Ingredientes Saudáveis";https://bv.fapesp.br/pt/auxilios/109129/pbis-plataforma-biotecnologica-integrada-de-ingredientes-saudaveis/;2025-04-17;;;;;
ATIVO;PCD;"Pessoa com deficiência";"Lei n° 13.146, de 06 de julho de 2015.";2025-04-17;;;;;
ATIVO;"Pesquisador Visitante (C)";"Pós-graduado, aluno de mestrado ou de doutorado sem vínculo empregatício e orientado ou coorientado por pesquisador do Ital, com bolsa de pesquisa e/ou vínculo acadêmico com instituições externas para realização de atividade de interesse específico de PD&I. Exemplo: alunos/bolsistas de outras instituições que são coorientados por pesquisador do Ital (exceto bolsistas mencionados na categoria D).";"Estabelecido internamente pelo Conselho Técnico Científico.";2026-02-03;;;;;
ATIVO;"Pesquisador Visitante (B)";"Jovem pesquisador da Fapesp ou bolsista de pós-doutorado, doutorado ou de mestrado ou bolsa de fomento de outra natureza orientado ou coorientado por um pesquisador do Ital e com vínculo em projetos e programas de pesquisa do Ital (liderança ou colaboração) Exemplo: Bolsistas de pós-doutorado de projetos interinstitucionais com agências de fomento, como PBIS, CCD e outros nesse formato (incluindo os que são com interveniência da FA).";"Estabelecido internamente pelo Conselho Técnico Científico.";2026-02-03;;;;;
ATIVO;Pibic;"Programa Institucional de Bolsas de Iniciação Científica do CNPq";http://www.cnpq.br/pibic;2025-04-17;;;;;
ATIVO;Pibit;"Programa Institucional de Bolsas de Iniciação em Desenvolvimento Tecnológico e Inovação do CNPq";http://www.cnpq.br/pibiti;2025-04-17;;;;;
ATIVO;PITec;"Plataforma de Inovação Tecnológica";https://ital.agricultura.sp.gov.br/pitec;2025-04-17;;;;;
ATIVO;"Plano de auditoria";"Descrição das atividades e arranjos para uma auditoria.";"ABNT NBR ISO 9000:2015
ABNT NBR ISO 19011:2018";2025-04-17;;;;;
ATIVO;"Plano de treinamento";"Plano elaborado pelas Unidades para treinamento de seus funcionários.";"Estabelecido internamente pela Comissão de Gestão da Qualidade.";2025-04-17;;;;;
ATIVO;PMTA;"Pressão Máxima de Trabalho Admissível.";"NR 13 - Norma Regulamentadora do Trabalho";2025-04-17;;;;;
ATIVO;Política;"Intenções e direção de uma organização, como formalmente expressos pela sua Alta Direção.";"ABNT NBR ISO 9000:2015";2025-04-17;;;;;
ATIVO;"Política da qualidade";"Política com relação à qualidade, geralmente consistente com a política geral da organização, pode ser alinhada com a visão e a missão da organização e provê uma estrutura para estabelecer os objetivos da qualidade.";"ABNT NBR ISO 9000:2015";2025-04-17;;;;;
ATIVO;"Ponto de fulgor";"É a temperatura mínima necessária para que um combustível desprenda vapores ou gases inflamáveis, quando ainda não existem vapores ou gases suficientes para manter o fogo.";http://www.corpodebombeiros.sp.gov.br/;2025-04-17;;;;;
ATIVO;"Pós-graduação stricto sensu";"Programas de mestrado e doutorado abertos a candidatos diplomados em cursos superiores de graduação e que atendam às exigências do programa de pós-graduação do Instituto de Tecnologia de Alimentos e  do Ministério da Educação.";"art. 44, III, Lei nº 9.394/1996.";2025-04-17;;;;;
ATIVO;"Potencial de prevenção";"Análise em profundidade da possibilidade de ocorrer um problema, falha ou defeito se não for realizada a ação preventiva preconizada, incluindo o aspecto de abrangência.";"Estabelecido internamente pela Comissão de Gestão da Qualidade.";2025-04-17;;;;;
ATIVO;PPG-Ital;"Programa  de  Pós-Graduação  em  Ciência  e  Tecnologia  de  Alimentos do   Instituto   de   Tecnologia   de   Alimentos";"Regimento Interno do Programa  de  Pós-Graduação (03 de junho de 2015)";2025-04-17;;;;;
ATIVO;PQ;"Procedimento da Qualidade: forma especificada de executar uma atividade ou processo.";"Estabelecido internamente pela Comissão de Gestão da Qualidade.";2025-04-17;;;;;
ATIVO;PqC;"Pesquisador Científico";http://www.pesquisador.sp.gov.br/index.aspx;2025-04-17;;;;;
ATIVO;PQS;"Pó Químico Seco";"NR 23 - Norma Regulamentadora do Trabalho";2025-04-17;;;;;
ATIVO;"Precisão intermediária ou precisão intermediária de medição";"Precisão de medição sob um conjunto de condições de precisão intermediária.";"VIM 2012";2025-04-17;;;;;
ATIVO;"Precisão ou Precisão de medição";"Grau de concordância entre indicações ou valores medidos, obtidos por medições repetidas, no mesmo objeto ou em objetos similares, sob condições especificadas.";"VIM 2012";2025-04-17;;;;;
ATIVO;Processo;"Conjunto de atividades inter-relacionadas ou interativas que utilizam entradas para entregar um resultado pretendido.";"ABNT NBR ISO 9000:2015
ABNT NBR ISO 19011:2018";2025-04-17;;;;;
ATIVO;Produto;"Saída de uma organização que pode ser produzida sem transação alguma ocorrendo entre a organização e o cliente.";"ABNT NBR ISO 9000:2015";2025-04-17;;;;;
ATIVO;"Produtos corrosivos";"São produtos que em contato direto com a pele causam destruição de tecidos vivos e também outros materiais.";http://www.corpodebombeiros.sp.gov.br/;2025-04-17;;;;;
ATIVO;"Produtos pirofóricos";"São produtos que em condições normais reagem violentamente com o oxigênio do ar ou com a umidade existente, gerando calor, gases inflamáveis e fogo.";http://www.corpodebombeiros.sp.gov.br/;2025-04-17;;;;;
ATIVO;"Produtos químicos especiais";"São produtos que apresentam problemas de estabilidade e risco potencial de explosão. Ex.: água oxigenada, peróxido de sódio etc.";http://www.corpodebombeiros.sp.gov.br/;2025-04-17;;;;;
ATIVO;"Produtos tóxicos";"São produtos que causam sérios problemas orgânicos, tanto por ingestão, inalação ou absorção pela pele, podendo se tornar fatais em alguns casos.";http://www.corpodebombeiros.sp.gov.br/;2025-04-17;;;;;
ATIVO;"Programa de auditoria";"Arranjos para um conjunto de uma ou mais auditorias, planejado para um período de tempo específico e direcionado a um propósito específico.";"ABNT NBR ISO 19011:2018";2025-04-17;;;;;
ATIVO;"Projeto e desenvolvimento";"Conjunto de processos que transformam requisitos para um objeto em requisitos mais detalhados para aquele objeto. Os requisitos que formam a entrada para projeto e desenvolvimento são frequentemente resultado de pesquisa e podem ser expressos de uma forma mais ampla e mais geral do que os requisitos que formam a saída do projeto e desenvolvimento.";"ABNT NBR ISO 9000:2015";2025-04-17;;;;;
ATIVO;"Propriedade intelectual";"Criação intelectual protegida na forma da lei.";"D.O. Resolução SAA 12 de 10-3-2016";2025-04-17;;;;;
ATIVO;PRO-VEG;"Centro de Inovação em Proteína Vegetal.";https://ital.agricultura.sp.gov.br/servicos?a=proveg#pro-veg;2025-04-17;;;;;
ATIVO;"Publicações técnico-científicas";"Livros, capítulos de livros, artigos, notas técnicas, trabalhos ou resumos de trabalhos em anais de congressos científicos, apostilas/manuais técnicos ou seções de apostila/manuais técnicos.";"Estabelecido internamente pelo Conselho Técnico Científico.";2025-04-17;;;;;
ATIVO;RA;"Coordenador do Sistema de Gestão da Qualidade";"Estabelecido internamente pelo Conselho Técnico Científico.";2025-04-17;;;;;
ATIVO;Rastreabilidade;"Habilidade de rastrear histórico, aplicação ou localização de um objeto.";"ABNT NBR ISO 9000:2015";2025-04-17;;;;;
ATIVO;"Rastreabilidade metrológica";"Propriedade de um resultado de medição pela qual tal resultado pode ser relacionado a uma referência através de uma cadeia ininterrupta e documentada de calibrações, cada uma contribuindo para a incerteza de medição.";"VIM 2012 - item 2.41";2025-04-17;;;;;
ATIVO;RBC;"Rede Brasileira de Calibração";http://www.inmetro.gov.br/;2025-04-17;;;;;
ATIVO;Reblas;"Rede Brasileira de Laboratórios Analíticos para Saúde.";https://www.gov.br/anvisa/pt-br/assuntos/laboratorios/reblas;2025-04-17;;;;;
ATIVO;Recursos;"Meios físicos, humanos e financeiros, necessários para a execução de uma atividade.";"Estabelecido internamente pela Comissão de Gestão da Qualidade.";2025-04-17;;;;;
ATIVO;Registro;"Documento que apresenta resultados obtidos ou provê evidências de atividades realizadas/ informação documentada requerida para evidenciar os resultados alcançados.";"ABNT NBR ISO 9000:2015 com adaptação para o Sistema de Gestão da Qualidade do Ital.";2025-04-17;;;;;
ATIVO;Release;"Texto para divulgação.";"Estabelecido internamente pelo Conselho Técnico Científico.";2025-04-17;;;;;
ATIVO;"Repetitividade ou Repetitividade de medição";"Precisão de medição sob um conjunto de condições de repetitividade.";"Estabelecido internamente pela Comissão de Gestão da Qualidade.";2025-04-17;;;;;
ATIVO;Requisito;"Necessidade ou expectativa que é declarada, geralmente implícita ou obrigatória.";"ABNT NBR ISO 9000:2015
ABNT NBR ISO 19011:2018";2025-04-17;;;;;
ATIVO;Resíduos;"São considerados resíduos todos os subprodutos das atividades desenvolvidas, os quais podem ou não ser destinados à reutilização no Ital. Também recebem essa classificação os materiais ou produtos que sejam potencialmente perigosos para utilização, reutilização ou mesmo armazenamento. Enquadram-se ainda como resíduos os excedentes de alimentos, próprios ou impróprios para consumo.";"Estabelecido internamente pela Comissão de Gestão da Qualidade.";2025-04-17;;;;;
ATIVO;Resolução;"Menor variação da grandeza medida que causa uma variação perceptível na indicação correspondente.";"VIM  2012 - item 4.14";2025-04-17;;;;;
ATIVO;"Resolução de um dispositivo mostrador";"Menor diferença entre indicações mostradas que pode ser significativamente percebida";"VIM 2012 - item 4.15";2025-04-17;;;;;
ATIVO;Retrabalho;"Ação sobre um produto ou serviço não conforme, a fim de torná-lo conforme aos requisitos";"ABNT NBR ISO 9000:2015";2025-04-17;;;;;
ATIVO;RG;"Registro Geral ou Carteira de Identidade";www.brasil.gov.br;2025-04-17;;;;;
ATIVO;RHAE;"Programa Recursos Humanos em Áreas Estratégicas (CNPq)";https://www.gov.br/cnpq/pt-br/acesso-a-informacao/acoes-e-programas/programas/rhae;2025-04-17;;;;;
ATIVO;RQ;"Representante da Qualidade da Unidade";"Estabelecido internamente pelo Conselho Técnico Científico.";2025-04-17;;;;;
ATIVO;RS;"Registro do Servidor";https://www.fazenda.sp.gov.br;2025-04-17;;;;;
ATIVO;RS;"Registro de Solicitação";"Sistema ERP-Unidade";2025-04-17;;;;;
ATIVO;SA;"Solicitação de Adiantamento";"Estabelecido internamente pela Comissão de Gestão da Qualidade.";2025-04-17;;;;;
ATIVO;SA;"Fornecedor sem avaliação";"Estabelecido internamente pela Comissão de Gestão da Qualidade.";2025-04-17;;;;;
ATIVO;SAA;"Secretaria da Agricultura e Abastecimento do Estado de São Paulo";http://www.agricultura.sp.gov.br/;2025-04-17;;;;;
ATIVO;SAC;"Solicitação de Ação Corretiva";"Estabelecido internamente pela Comissão de Gestão da Qualidade.";2025-04-17;;;;;
ATIVO;SAF;"Sistema de Avaliação de Fornecedores";"Estabelecido internamente pela Comissão de Gestão da Qualidade.";2025-04-17;;;;;
ATIVO;SAI;"Sistema de Administração da Intranet";"Grupo de Tecnologia da Informação (GTI)";2025-04-17;;;;;
ATIVO;SAMU;"Serviço de Atendimento Médico de Urgência.";www.saude.campinas.sp.gov.br;2025-04-17;;;;;
ATIVO;SAP;"Solicitação de Ação Preventiva ou de Melhoria";"Estabelecido internamente pela Comissão de Gestão da Qualidade.";2025-04-17;;;;;
ATIVO;SAR;"Sistema de Acesso a Relatório e Avaliação de Serviço";"Estabelecido internamente pela Comissão de Gestão da Qualidade e Grupo de Tecnologia da Informação (GTI).";2025-04-17;;;;;
ATIVO;SC;"Fornecedor sem cadastro";"Estabelecido internamente pela Comissão de Gestão da Qualidade.";2025-04-17;;;;;
ATIVO;SDI;"Sistema Dinâmico do Ital";"Grupo de Tecnologia da Informação (GTI)";2025-04-17;;;;;
ATIVO;SEI;"Sistema Eletrônico de Informações";"SÃO PAULO (Estado). Decreto ? 67.641, de 10 de abril de 2023. Dispõe sobre o uso de meio eletrônico para a formalização de processo administrativo no âmbito da Administração Pública estadual, institui o Sistema Eletrônico de Informações do Estado de São Paulo  SEI/SP e dá providências correlatas. Diário Oficial do Estado. Poder Executivo, São Paulo. 11 abr. 2023. Seção I, p. 01";2025-04-17;;;;;
ATIVO;Seiketsu;"Senso de saúde e higiene.";"RIBEIRO, H. A Bíblia do 5S, da implantação a excelência. Salvador: Casa da Qualidade, 2006. 280 p.";2025-04-17;;;;;
ATIVO;Seiri;"Senso de utilização.";"RIBEIRO, H. A Bíblia do 5S, da implantação a excelência. Salvador: Casa da Qualidade, 2006. 280 p.";2025-04-17;;;;;
ATIVO;Seiso;"Senso de limpeza.";"RIBEIRO, H. A Bíblia do 5S, da implantação a excelência. Salvador: Casa da Qualidade, 2006. 280 p.";2025-04-17;;;;;
ATIVO;Seiton;"Senso de ordenação, organização e padronização.";"RIBEIRO, H. A Bíblia do 5S, da implantação a excelência. Salvador: Casa da Qualidade, 2006. 280 p.";2025-04-17;;;;;
ATIVO;Serviço;"Saída  de uma organização, com pelo menos uma atividade necessariamente realizada entre a organização e o cliente.";"ABNT NBR ISO 9000:2015";2025-04-17;;;;;
ATIVO;SGP;"Sistema de Gestão de Projetos";"Definição estabelecida pela APTA.";2025-04-17;;;;;
ATIVO;SGQ;"Sistema de Gestão da Qualidade: conjunto de elementos inter-relacionados ou interativos de uma organização para estabelecer políticas, objetivos e processos para alcançar esses objetivos com relação à qualidade.";"ABNT NBR ISO 9000:2015";2025-04-17;;;;;
ATIVO;Shitsuke;"Senso de autodisciplina.";"RIBEIRO, H. A Bíblia do 5S, da implantação a excelência. Salvador: Casa da Qualidade, 2006. 280 p.";2025-04-17;;;;;
ATIVO;SI;"Sistema Internacional de Unidades";http://www.inmetro.gov.br/;2025-04-17;;;;;
ATIVO;SIAFÍSICO;"Sistema Integrado de Informações Físico-Financeira";https://www6.fazenda.sp.gov.br/;2025-04-17;;;;;
ATIVO;SIAPG;"Sistema Integrado de Administração da Pós-Graduação";"Grupo de Tecnologia da Informação (GTI)";2025-04-17;;;;;
ATIVO;SICAF;"Sistema de Cadastro de Fornecedores";https://www3.comprasnet.gov.br/sicaf-web/public/pages/consultas/consultarCRC.jsf;2025-04-17;;;;;
ATIVO;SIGA;"Sistema de Informações Gerenciais dos Agronegócios";"Definição estabelecida pela APTA.";2025-04-17;;;;;
ATIVO;SISMA;"Sistema Informatizado para Solicitação de Manutenção";"Estabelecido internamente pela DG.";2025-04-17;;;;;
ATIVO;"Sistema de gestão";"Conjunto de elementos inter-relacionados ou interativos de uma organização para estabelecer políticas, objetivos e processos para alcançar esses objetivos.";"ABNT NBR ISO 9000:2015";2025-04-17;;;;;
ATIVO;"Sistema de gestão de medição";"Conjunto de elementos inter-relacionados e interativos, necessários para obter a comprovação metrológica e o controle  dos processos de medição.";"ABNT NBR ISO 9000:2015";2025-04-17;;;;;
ATIVO;"Receitas INTRA";"Receitas decorrentes da prestação de serviços laboratoriais pelo Ital à Coordenadoria de Defesa Agropecuária (CDA), formalizadas por Termo de Referência (TR) e caracterizadas como operações internas entre órgãos da Administração Pública Estadual.";https://www.defesa.agricultura.sp.gov.br/;2026-06-11;;;;;
ATIVO;"Sistema ERP - Unidade";"Sistema desenvolvido especificamente para cada Unidade para gestão de processos internos. Exemplos: Sistema ERP Cetea, Sistema ERP CCQA, Sistema ERP Cereal Chocotec, Sistema ERP CTC etc.";"Estabelecido internamente pela Comissão de Gestão da Qualidade.";2025-04-17;;;;;
ATIVO;"Sistema ERP-Ital";"Sistema de informação desenvolvido para o Ital, contendo informações sobre recursos humanos, fornecedores e outros.";"Estabelecido internamente pela Comissão de Gestão da Qualidade.";2025-04-17;;;;;
ATIVO;Socorristas;"Médicos, enfermeiros, auxiliares de enfermagem, ou pessoas devidamente treinadas e capacitadas para prestar os primeiros socorros às vítimas de acidentes.";"Estabelecido internamente pela Comissão de Gestão da Qualidade.";2025-04-17;;;;;
ATIVO;TCE;"Termo de Compromisso de Estágio";"Lei nº 11.788, de  25 de setembro de 2008.";2025-04-17;;;;;
ATIVO;Tecnolat;"Centro de Tecnologia de Laticínios e Bactérias Láticas";"Estabelecido pelo Conselho Técnico Científico.";2025-04-17;;;;;
ATIVO;TFIL;"Tropical Food Innovation Lab";https://tropicalfoodinnovationlab.com.br/;2025-04-17;;;;;
ATIVO;"Time de Gerenciamento de Resíduos";"Grupo de funcionários, com representantes de todas as Unidades, responsável pela coordenação e orientação das atividades de descarte de resíduos do Ital.";"Estabelecido internamente pelo Conselho Técnico Científico.";2025-04-17;;;;;
ATIVO;TNS;"Técnico de nível superior completo (concursado ou contratado) com formação necessária para o exercício da função na área fim (produtiva).";"Estabelecido internamente  pelo Conselho Técnico Científico.";2025-04-17;;;;;
ATIVO;TNSE;"Técnico de nível superior completo envolvido em atividades de pesquisa e desenvolvimento (PqC ou equivalente).";"Estabelecido internamente  pelo Conselho Técnico Científico.";2025-04-17;;;;;
ATIVO;"Tolerância (T)";"Diferença entre o valor máximo e mínimo admissível de uma propriedade mensurável. A tolerância é atribuída ao método.";"ISO 14253-1:2013 item 3.1 a 3.3";2025-04-17;;;;;
ATIVO;TR;"Termo de referência para serviços especializados.";"Estabelecido pela Fundepag.";2025-04-17;;;;;
ATIVO;Treinamento;"Qualquer atividade visando capacitação em determinado(s) assunto(s).";"Estabelecido internamente pela Comissão de Gestão da Qualidade.";2025-04-17;;;;;
ATIVO;"Treinamento de curta e média duração";"São os cursos de aperfeiçoamento e atualização, exceto pós-graduação formal (Stricto sensu).";"Estabelecido internamente pela Comissão de Gestão da Qualidade.";2025-04-17;;;;;
ATIVO;"Treinamento de longa duração";"Cursos de pós-graduação formais (Stricto sensu).";"Estabelecido internamente pela Comissão de Gestão da Qualidade.";2025-04-17;;;;;
ATIVO;"Treinamento externo";"Treinamento organizado por empresa especializada fora do Ital ou eventos do programa oficial do Ital.";"Estabelecido internamente pela Comissão de Gestão da Qualidade.";2025-04-17;;;;;
ATIVO;"Treinamento interno";"Treinamento organizado pelo Ital ou pelas Unidades para o público interno. O instrutor pode ser do quadro de funcionários ou externo. Eventos do programa oficial do Ital não são considerados treinamentos internos.";"Estabelecido internamente pela Comissão de Gestão da Qualidade.";2025-04-17;;;;;
ATIVO;"Treinamento/Curso fechado";"Treinamento ou curso programado por solicitação de qualquer cliente externo e para atendimento exclusivo do público indicado pelo cliente, podendo também ser chamado de ""in company"".";"Estabelecido internamente pelo Conselho Técnico Científico.";2025-04-17;;;;;
ATIVO;Ufesp;"Unidade Fiscal do Estado de São Paulo";"Diário Oficial do Estado de 10 de janeiro de 1989.";2025-04-17;;;;;
ATIVO;Unicamp;"Universidade Estadual de Campinas";http://www.unicamp.br/unicamp/;2025-04-17;;;;;
ATIVO;"Unidade administrativa";"Diretoria Geral (DG).";"Estabelecido internamente pela Comissão de Gestão da Qualidade.";2025-04-17;;;;;
ATIVO;"Unidades 17025";"Unidades Técnicas cujos laboratórios possuem ensaios analíticos adequados à norma NBR ISO/IEC 17025.";"Estabelecido internamente pela Comissão de Gestão da Qualidade.";2025-04-17;;;;;
ATIVO;UT;"Unidade Técnica: Centro de Pesquisa e Desenvolvimento ou Unidade Laboratorial de Referência.";"Estabelecido internamente pela Comissão de Gestão da Qualidade.";2025-04-17;;;;;
ATIVO;Validação;"Confirmação, através do fornecimento de evidência objetiva, de que os requisitos para o uso específico pretendido ou para uma aplicação foram atendidos.";"ABNT NBR ISO 9000:2015";2025-04-17;;;;;
ATIVO;Valores;"São fundamentos que definem princípios e propósitos valiosos para uma organização.";"Estabelecido internamente pelo Conselho Técnico Científico.";2025-04-17;;;;;
ATIVO;"Vasos de pressão";"Equipamento que contêm fluidos sob pressão interna ou externa, diferente da atmosférica.";"NR 13 - Norma Regulamentadora do Trabalho";2025-04-17;;;;;
ATIVO;Verificação;"Fornecimento de evidência objetiva de que um dado item satisfaz requisitos especificados. Confirmação de que as propriedades relativas ao desempenho ou aos requisitos legais são satisfeitas por um sistema de medição. A verificação não deve ser confundida com calibração. Nem toda verificação é uma validação";"VIM 2012 - item 2.44";2025-04-17;;;;;
ATIVO;"Vidraria volumétrica";"Vidraria de laboratório utilizada para medições precisas de volume. Ex.: balões volumétricos, pipetas volumétricas, buretas etc.";"Estabelecido internamente pela Comissão de Gestão da Qualidade.";2025-04-17;;;;;
ATIVO;VIM;"Vocabulário Internacional de Metrologia";http://www.inmetro.gov.br/;2025-04-17;;;;;
ATIVO;Visão;"Aspiração do que uma organização gostaria de se tornar, como expresso pela alta direção.";"ABNT NBR ISO 9000:2015";2025-04-17;;;;;
ATIVO;Web;"Refere-se a páginas e \"sites\" desenvolvidos pelas Unidades ou pelo Ital.";"Estabelecido internamente pela Comissão de Gestão da Qualidade.";2025-04-17;;;;;
ATIVO;Cipa;"Comissão Interna de Prevenção de Acidentes e de Assédio.   ";"NR-05 - Norma Regulamentadora do Trabalho";2026-02-03;;;;;
ATIVO;"Colaboradores especiais";"Jovem aprendiz e profissionais externos.";"Estabelecido internamente pelo Conselho Técnico Científico.";2026-02-03;;;;;
ATIVO;"Pesquisador Visitante (A)";"Pós-doutor formado e com vínculo empregatício com instituições públicas ou privadas, nacionais ou estrangeiras com ou sem bolsa, com atividade no Ital de interesse específico de PD&I. Exemplo: Pesquisador Visitante (Fapesp).  ";"Estabelecido internamente  pelo Conselho Técnico Científico.";2026-02-03;;;;;
ATIVO;"Profissional Visitante (I)";"Profissional de instituição privada, nacional ou estrangeira, com atividades em parceria com o Ital, com autorização formal para atuação nas instalações do Instituto, incluindo profissionais de incubadoras e startups. (ex.: BioInFood e startups Apta Hub)";"Estabelecido internamente pelo Conselho Técnico Científico.";2026-02-03;;;;;
ATIVO;"5 porquês";"Metodologia utilizada para determinar a causa raiz de um problema ou defeito.";"Estabelecido internamente pela Comissão de Gestão da Qualidade.";2025-04-17;;;;;
ATIVO;CIN;"Carteira de Identidade Nacional ";www.gov.br;2026-02-03;;;;;
ATIVO;"Pesquisador Visitante (D)";"Bolsista FA vinculados a contratos de projetos de inovação, Bolsista TT Fapesp, DTI – CNPq.";"Estabelecido internamente pelo Conselho Técnico Científico.";2026-02-03;;;;;
ATIVO;"Profissional Visitante (II)";"Profissional vinculado a Centro de Inovação público-privado ou organização de PD&I público-privada instalados no Ital. (ex.: Tropical e JBS)";"Estabelecido internamente pelo Conselho Técnico Científico.";2026-02-03;;;;;
ATIVO;"Profissional Visitante (III)";"Gestores (Cietec, Wylinka e Impact Hub), profissional de startup com vínculo via Apta Hub e profissional vinculado a instituto de pesquisa, universidade, e outros com atividades presenciais frequentes nas instalações do Apta Hub. ";"Estabelecido internamente pelo Conselho Técnico Científico.";2026-02-03;;;;;
ATIVO;SIAT;"Sistema Integrado de Registro de Acidente e Incidente de Trabalho";"Grupo de Tecnologia da Informação (GTI)";2026-02-03;;;;;
ATIVO;"Sistema DG";"Setores administrativos e de apoio ligados diretamente ao Diretor Geral e que compõe a Diretoria Geral: Secretaria, Comunicação, Convênios, Difusão do Conhecimento, Grupo de Tecnologia de Informação (GTI), Apoio Operacional, Núcleo de Treinamento e Capacitação (NTC) e o Escritório de Apoio Institucional ao Pesquisador (EAIP).";"Estabelecido pelo Diretor Geral.";2026-02-03;;;;;
ATIVO;CDA;"Coordenadoria de Defesa Agropecuária ";"https://www.defesa.agricultura.sp.gov.br/ ";2026-06-11;;;;;
ATIVO;CIPOA;"Centro de Inspeção de Produtos de Origem Animal da CDA, responsável por inspecionar, registrar e garantir a qualidade higiênico-sanitária de alimentos de origem animal do Estado de São Paulo.";"https://www.defesa.agricultura.sp.gov.br/ ";2026-06-11;;;;;
OBSOLETO;FQ0411.pdf;;;;;;"2025-12-10 14:31:34";Sistema;"Substituído via Listagem. Data doc: 2025-04-17"
OBSOLETO;FQ0411.pdf;;;;;;"2025-12-11 10:51:16";Sistema;"Substituído via Listagem. Data doc: 2025-04-17"
OBSOLETO;Siglas_e_Definicoes.pdf;;;;;;"2025-12-15 14:56:18";Sistema;"Substituído via Listagem. Data doc: 2025-12-15"
